id,name,date_of_birth,email,date_entered,city
1,Amber Davis MD,13-08-1944,rvaldez@example.net,26-02-2024,Telengana
2,Mason Morrison,01-12-1948,ydaniel@example.org,05-08-2022,Banglore
3,Taylor Ferguson,27-07-1949,umoreno@example.org,08-08-2022,Delhi
4,Jamie Joseph,03-08-1941,bstrickland@example.com,06-12-2022,srinagar
5,Patrick Davis,09-06-1955,deansamuel@example.net,19-08-2022,Mumbai
6,Renee Clark,29-07-1955,michaelparker@example.net,23-07-2022,Hyderabad
7,Krista Harrell,11-10-1965,lewisjanet@example.org,26-01-2023,Beijing
8,Nicole Brown,22-08-1977,ymitchell@example.org,05-09-2023,Delhi
9,Victor Crosby,21-01-2005,alexismorris@example.com,06-06-2023,Kerala
10,Warren Riley,02-07-1949,armstrongdennis@example.com,06-03-2024,Hyderabad
11,Monique Fox,20-05-1971,mthompson@example.org,03-04-2024,Kerala
12,Kathryn Chen,08-12-1934,ashley68@example.com,27-08-2022,srinagar
13,Rebekah Flores,02-10-1977,lsantiago@example.com,23-09-2023,Bhubaneswar
14,Jennifer Medina,06-03-1999,johnsonmichelle@example.net,10-02-2023,Kolkata
15,William Watts,20-01-1996,joselyons@example.org,12-04-2024,Bhubaneswar
16,Rebecca Jenkins,31-10-2005,xbryant@example.net,09-10-2022,srinagar
17,Charles Blackburn,25-12-1995,jeffreyrivera@example.com,12-11-2023,Beijing
18,Kevin Sellers,08-06-1943,zvasquez@example.org,02-01-2024,Banglore
19,Bobby Garcia,14-07-1970,parkdavid@example.org,16-03-2023,Beijing
20,Christina Schmidt,13-03-1948,jeff15@example.org,17-10-2022,Kolkata
21,Leroy Mendoza,14-04-1936,michellekirk@example.com,28-02-2023,Bhubaneswar
22,Kelly Smith,22-10-1983,williamskayla@example.org,20-04-2023,Hyderabad
23,Danielle Hall,03-08-1934,sarahmartinez@example.net,20-09-2023,Chennai
24,Alison Chavez,28-04-1958,brownclaudia@example.org,17-09-2023,Kerala
25,Tammy Collins,02-01-1965,josephjessica@example.org,30-07-2023,Pune
26,Susan Hart,02-04-1976,cheyenne17@example.net,10-07-2023,Telengana
27,Sandra Perez,10-04-1959,proy@example.org,16-09-2023,Delhi
28,Tammie Jones,06-02-1950,amora@example.org,19-03-2023,Telengana
29,Carmen Williamson,26-05-1941,mcgeebrenda@example.com,21-01-2024,Telengana
30,Elijah Roberts,09-04-1981,eyoung@example.net,29-05-2022,Kolkata
31,Angel Johnson,25-06-1946,philipschmidt@example.org,02-09-2022,Mumbai
32,Scott Fernandez,01-10-2005,arichardson@example.org,04-08-2023,Telengana
33,John Gilmore,25-03-1947,adam92@example.net,07-03-2024,Delhi
34,John Douglas,23-08-1956,gonzalezbeth@example.org,18-11-2023,Mumbai
35,Erika Johnson,04-03-1940,pdavis@example.org,06-11-2023,Hyderabad
36,Timothy Henry,16-03-1967,stonejustin@example.net,10-02-2024,srinagar
37,Larry Kelly,26-09-1942,wrobinson@example.net,17-02-2023,Kerala
38,Jacqueline Martin,09-03-1984,danielle88@example.org,13-01-2024,srinagar
39,Jennifer Adkins,29-05-1955,james41@example.org,07-09-2023,Delhi
40,Mark Jacobs,09-10-1989,stevensjames@example.org,17-08-2022,Bhubaneswar
41,Heather May,30-11-1983,sheila19@example.com,31-10-2023,srinagar
42,Logan Solomon,29-05-1961,michaelrandall@example.net,31-05-2022,Beijing
43,Lisa Ruiz,31-12-1933,huntermiranda@example.net,22-09-2022,Beijing
44,Sherry Andrews,13-07-1978,lhernandez@example.net,16-06-2022,Beijing
45,Robert Proctor,06-10-1960,janetmorgan@example.org,28-03-2023,srinagar
46,Sarah Parker,19-07-1990,ktaylor@example.net,06-01-2023,Beijing
47,Elizabeth Reese,16-10-1966,karen77@example.org,19-04-2024,Telengana
48,Chad Lucas,23-09-1934,mmorton@example.org,09-09-2022,srinagar
49,Don Gray,27-06-1937,vsmith@example.com,01-07-2023,srinagar
50,William Williams,17-12-1955,vwilliams@example.org,21-10-2022,Telengana
51,James Boone,01-07-1969,wwhitney@example.com,02-05-2024,Telengana
52,Leah Mitchell,14-07-1996,usilva@example.com,11-06-2023,Banglore
53,Cindy Smith,02-05-1978,davismegan@example.org,22-11-2022,Kolkata
54,Elizabeth Johnson,29-12-1968,jeffrey45@example.com,11-02-2024,Chennai
55,Jaime Garcia,28-10-1972,charles62@example.net,17-06-2023,Chennai
56,Jill Curry,25-08-1951,sbenjamin@example.org,19-10-2023,Delhi
57,Mary Sweeney,04-09-2003,jenkinsjohn@example.net,30-06-2023,srinagar
58,Alicia Gonzalez,09-03-1993,lisa90@example.org,01-03-2024,Telengana
59,James Fernandez,08-03-2002,martinstephen@example.com,28-05-2022,Hyderabad
60,Sarah Valenzuela,04-03-1967,jennifer95@example.com,31-10-2023,Banglore
61,Ashley Lambert,21-10-1992,thorntonroy@example.org,14-06-2023,Chennai
62,Ashley Miller,30-03-1989,rodriguezshawn@example.com,07-01-2024,Banglore
63,Debbie Gonzalez,22-02-1943,nicole45@example.org,11-03-2023,Hyderabad
64,Charles Knapp,08-01-2005,hugheslisa@example.org,09-09-2023,Kolkata
65,Paul Hayes,15-12-1941,jamesjohnson@example.com,04-11-2022,Kerala
66,Jessica Williams,04-06-1986,chris11@example.com,09-02-2024,Hyderabad
67,Stephanie Mullins,09-02-1997,rhonda80@example.net,12-12-2023,Kerala
68,Nicholas Webster,21-11-1934,pjackson@example.net,24-12-2022,Mumbai
69,Cassandra Gordon,03-01-1942,comptondawn@example.net,09-10-2022,Kerala
70,George Johns,08-02-1990,davidgraves@example.org,01-10-2023,srinagar
71,Dr. John Johnson,14-02-1938,stevegross@example.com,03-05-2024,Delhi
72,Linda Ward,16-10-1952,anthony62@example.net,03-02-2023,Mumbai
73,Christina Guerrero,31-05-1981,hammondjanice@example.org,10-03-2024,srinagar
74,James Santiago,05-09-1972,ajackson@example.com,10-05-2024,Banglore
75,Lindsey Scott,06-10-1973,leachsteve@example.net,10-09-2023,Kerala
76,Kathryn Vance,15-03-1949,houstonrenee@example.org,19-01-2024,Kerala
77,Mitchell Jones,15-12-1944,moyerjohn@example.org,26-11-2022,Hyderabad
78,Theresa Wilcox,20-07-1992,daniellewis@example.net,06-12-2022,Banglore
79,Kathryn Sandoval,01-08-2000,stephenskimberly@example.com,16-09-2022,Banglore
80,Joshua Jackson,12-11-1955,igriffin@example.org,04-01-2023,Delhi
81,Christopher Norman,13-01-1949,ahicks@example.com,11-05-2023,Telengana
82,Justin Martin,17-02-1963,qfoster@example.com,06-06-2023,Delhi
83,Brian Haney,23-09-1940,taratucker@example.com,09-09-2023,Mumbai
84,Katherine Evans MD,03-02-1953,vstewart@example.net,24-03-2024,Beijing
85,William Ford,26-05-1959,edwardphillips@example.org,28-02-2024,Chennai
86,Levi Benton,05-08-1998,hdelgado@example.net,08-06-2023,Bhubaneswar
87,James Mack,08-11-1956,jasonlynch@example.net,18-11-2022,Beijing
88,James Wilson,11-09-1987,pking@example.net,01-02-2024,Delhi
89,Darlene Hardy,15-11-1947,michael02@example.net,17-10-2022,Chennai
90,Michael Hess,24-08-1986,ryanmarshall@example.org,08-01-2024,srinagar
91,Angie Mullins,14-12-1954,xortega@example.com,18-12-2022,Pune
92,Stephanie Horn,28-12-1992,brandy63@example.net,01-05-2023,Kerala
93,Shawn Green,05-09-1994,alyssaburgess@example.net,22-04-2023,Telengana
94,Logan Martinez,30-03-1967,markmoss@example.com,04-03-2023,Kerala
95,Douglas Ramirez,31-05-1971,michelerussell@example.com,16-10-2023,Delhi
96,Jeremy Wilson,31-10-1951,melissahill@example.org,20-08-2022,Delhi
97,Nicole Taylor,26-08-1974,josephmeyer@example.net,03-03-2023,srinagar
98,Carl Harris,17-04-2001,richardjones@example.org,19-03-2023,Bhubaneswar
99,Sarah Young MD,25-04-1952,john03@example.com,06-01-2024,Beijing
100,Michael James,07-07-1990,hurleyanthony@example.org,18-08-2022,Telengana
101,Jason Roth,03-11-1977,kristine01@example.com,02-01-2024,Kolkata
102,John Hudson,12-10-1968,rebeccaclements@example.com,30-10-2023,Telengana
103,Christian Wilson,21-05-1979,jennifergonzalez@example.com,12-09-2022,Telengana
104,Ryan Caldwell,21-11-1943,nwilliams@example.com,09-06-2022,Telengana
105,Joseph Harrison,06-03-1934,jerrydavis@example.org,12-08-2023,srinagar
106,Christopher Anderson,24-08-1935,jonathan18@example.com,23-06-2023,Banglore
107,Joseph Dominguez,26-03-1937,brownmelinda@example.com,07-04-2023,Banglore
108,Jacob Anderson,01-08-1967,malik47@example.com,09-11-2022,Kolkata
109,Alexis Moore,26-01-1990,rcole@example.net,08-05-2023,Kolkata
110,Linda Tate,22-12-1944,kristin40@example.org,15-10-2022,Bhubaneswar
111,Kathryn Mcdaniel,09-08-1963,riggschristopher@example.com,26-06-2023,Beijing
112,John Smith,30-06-2001,craig94@example.net,24-05-2022,Mumbai
113,Alyssa Webb,26-11-1961,stewarterin@example.org,08-07-2022,Chennai
114,Christine Watkins,12-01-1962,russell59@example.com,01-09-2023,Beijing
115,Paula Bean,28-02-2000,jroberts@example.org,28-03-2024,Mumbai
116,Robert Jones,26-02-1965,gillespiedustin@example.com,14-10-2022,srinagar
117,Anna Conley,16-10-1954,rryan@example.com,08-01-2024,Bhubaneswar
118,Cody Fernandez,12-03-1997,kristy34@example.com,01-03-2023,Pune
119,James Everett,04-03-1953,trevinotracey@example.com,16-11-2023,Bhubaneswar
120,Dr. Zachary Torres,07-06-1992,kimberlybernard@example.com,04-10-2022,Kolkata
121,Gabriel Luna,24-01-1935,lreed@example.com,14-01-2023,Banglore
122,Kara Roberts,10-03-1956,bergdarlene@example.com,26-04-2023,Bhubaneswar
123,Brittany Carlson,16-04-1955,harrisrichard@example.net,02-05-2024,srinagar
124,Anthony Brown,16-05-1989,colleen55@example.net,24-12-2023,Kolkata
125,Alexa Morgan,05-11-1940,susan09@example.net,15-05-2024,Telengana
126,Karen Young,16-03-2003,sandysanchez@example.org,22-10-2022,Hyderabad
127,Jessica Martinez,15-06-1977,holmesmichelle@example.net,09-05-2023,Kolkata
128,Justin Pierce,20-11-1967,jo05@example.net,30-06-2022,Pune
129,Kimberly Porter,31-07-1971,ggonzales@example.org,19-05-2023,Kerala
130,Danielle Griffin,28-12-1970,tgonzalez@example.com,21-10-2022,Hyderabad
131,Michael Baker,28-01-1942,imoody@example.org,05-11-2023,Delhi
132,Edward Garrett,28-04-1988,xmoore@example.org,17-10-2023,Kerala
133,David Ellis,17-08-1947,uenglish@example.net,10-10-2022,Chennai
134,Erica Mcbride,02-06-1984,tuckerpatricia@example.net,20-06-2022,Beijing
135,Theresa Johnson,11-01-1958,victor10@example.net,31-03-2023,Hyderabad
136,Erin Warner,25-03-1997,wardmary@example.net,08-01-2023,srinagar
137,Alex White,24-02-1949,todd28@example.org,20-01-2023,Telengana
138,Cody Gamble,22-03-1968,sophia98@example.com,09-04-2024,Beijing
139,David Lara,19-11-1940,evan45@example.net,22-09-2022,Banglore
140,Victor Garrett,12-12-1944,westrobert@example.com,27-04-2023,Beijing
141,Kathy Cantrell,22-01-2006,christophersmith@example.org,08-11-2022,Beijing
142,Katie Arroyo,07-11-1955,robertsjeremy@example.org,20-01-2023,Pune
143,Randy Martinez,24-03-1976,edgar16@example.com,12-11-2022,Bhubaneswar
144,Samantha Bell,31-08-1941,hrichardson@example.org,03-12-2022,Bhubaneswar
145,Kimberly Brown,07-10-1958,tstephens@example.com,21-04-2024,Banglore
146,Melissa Spencer,21-11-1965,shawn41@example.org,19-11-2022,srinagar
147,Todd Morrow,20-07-2002,padillajonathan@example.net,18-10-2022,Hyderabad
148,Michael Henson,07-07-2001,xbradshaw@example.net,30-08-2022,Kolkata
149,Angela Anderson,21-11-1980,jorgemoore@example.org,17-03-2024,Hyderabad
150,Kimberly Jackson,14-08-1953,johnjensen@example.com,19-11-2023,Hyderabad
151,Kayla Dunn,31-08-1998,njones@example.net,23-01-2024,Telengana
152,Carly Freeman,22-11-1991,sanderson@example.net,18-05-2023,Kolkata
153,Teresa Montgomery,12-09-1975,dixonvanessa@example.com,09-05-2024,Banglore
154,Jon Moreno,10-04-1955,ashley44@example.net,31-08-2022,Kerala
155,Maria Kennedy,31-01-2004,smitchell@example.org,07-08-2022,Bhubaneswar
156,Adrienne Cohen,18-09-1939,lopezdavid@example.com,14-02-2024,Telengana
157,Taylor Ochoa,01-05-2004,pattersontiffany@example.net,13-07-2023,Pune
158,John Brown,23-09-1958,cervantestammie@example.com,20-07-2022,Hyderabad
159,Hannah Dickerson,20-11-1951,cynthia43@example.com,30-05-2023,Mumbai
160,Heather Cook,10-02-1969,johnvilla@example.org,22-05-2023,Mumbai
161,Anthony Vega,01-04-1971,melissataylor@example.org,18-10-2023,Bhubaneswar
162,William Peterson,16-10-1979,ohull@example.net,13-09-2023,Banglore
163,Stephanie Bauer,06-11-1963,vroberts@example.net,22-01-2023,Banglore
164,Katherine Wilson,17-11-2001,patrickbradford@example.com,07-08-2022,Telengana
165,Kendra Wilson,27-08-1995,kathrynrodriguez@example.com,13-07-2023,Banglore
166,Ellen Chapman,13-03-1995,harrisdaniel@example.org,26-06-2022,Delhi
167,Mark Gonzalez,01-02-1942,brian23@example.com,12-09-2023,Telengana
168,Matthew Taylor,27-05-1982,krista65@example.org,21-09-2022,Hyderabad
169,Katie Molina,19-08-1946,eramirez@example.net,29-03-2023,srinagar
170,Daniel Jones,25-08-2005,wchang@example.org,08-08-2022,Kerala
171,Dawn Esparza,04-04-2002,robynvega@example.org,14-12-2022,Kerala
172,David Lawson,01-11-1979,heather52@example.net,11-11-2023,Chennai
173,Michael Brown,13-10-2000,cross@example.org,24-02-2023,Telengana
174,Shawn Green,05-10-1936,casebrenda@example.net,25-12-2023,srinagar
175,Carla Harris,27-06-1963,vhall@example.org,18-04-2023,Hyderabad
176,Andrea Briggs,31-08-1963,sabrinaware@example.net,22-03-2023,Beijing
177,Shannon Jones,23-09-1976,astewart@example.org,03-09-2023,Kerala
178,Michael Miller,17-07-1984,juarezmichael@example.net,25-12-2023,Kolkata
179,Daniel Russo,08-02-1985,jonathanmcguire@example.net,14-03-2023,srinagar
180,Cynthia West,13-05-2001,laura50@example.org,30-10-2022,Beijing
181,Paul Lee,12-12-1993,alexander60@example.net,09-09-2022,Kerala
182,Emma Fox,19-03-1973,anthony74@example.net,24-06-2022,Kerala
183,Marc Lopez,18-08-1994,ibarton@example.org,24-11-2023,Mumbai
184,Charles Bowen,26-11-1948,daniel10@example.org,05-06-2022,Banglore
185,Peggy Knox,13-04-1984,khall@example.net,21-07-2023,Mumbai
186,Lindsey Smith,18-11-1935,doylerebecca@example.org,02-06-2023,Pune
187,Eric Morales,21-03-2003,zyates@example.net,15-06-2023,Beijing
188,Heather Myers,06-05-1990,emma65@example.com,31-05-2022,Kolkata
189,Mikayla Gilbert,18-09-2005,daughertybradley@example.org,25-05-2022,Hyderabad
190,Matthew Mcdonald,19-05-1934,sperez@example.org,04-04-2023,Kerala
191,Ana Dickson,10-02-1939,kevinturner@example.com,19-02-2024,Beijing
192,Michael Ritter,27-05-1942,ncastillo@example.com,12-07-2023,Kerala
193,Lori Harris,29-04-1967,williamsonjeffrey@example.net,28-01-2024,Beijing
194,Jacob Wagner,10-07-1961,acevedotroy@example.com,05-07-2023,Banglore
195,Brandon Wells,21-11-1999,ywalker@example.org,19-05-2023,Pune
196,Felicia Foster,12-12-1961,perrythomas@example.net,20-09-2023,srinagar
197,Katie Simmons,02-10-2005,nmckinney@example.net,10-06-2022,Delhi
198,Michelle Ayala,31-03-1936,sherry19@example.net,11-06-2023,Delhi
199,Diana Barajas,16-12-1987,craig54@example.com,04-03-2023,Bhubaneswar
200,Nicholas Roth,25-11-1946,davidramsey@example.net,07-01-2023,Pune
201,Bryan Oneill,08-01-1962,walkerlaurie@example.net,28-04-2023,Mumbai
202,Christopher Price,22-05-1941,nielsenjohn@example.org,23-12-2022,srinagar
203,Alexander Arnold,28-05-1952,elizabeth53@example.com,23-01-2023,Banglore
204,James Petersen,19-01-1958,gwilson@example.org,30-11-2022,Mumbai
205,Michael White MD,03-06-1939,larcher@example.com,12-04-2023,Bhubaneswar
206,Ashley Mclaughlin,22-04-1952,reedanne@example.net,20-04-2023,Telengana
207,Jack Perkins,20-12-1981,karen41@example.com,13-03-2023,Mumbai
208,Robert Rice,09-02-1961,jchen@example.com,25-02-2024,Hyderabad
209,Thomas Bell,01-06-2004,ashley24@example.net,16-02-2024,Banglore
210,Christina Williams,18-05-1999,grahamwilliam@example.net,16-05-2024,Chennai
211,Tara Rocha,08-11-1933,desireemurray@example.net,22-05-2023,Pune
212,Dr. Katie Larson,05-12-1969,susan28@example.org,17-09-2022,Banglore
213,John Lane,02-12-2003,monique99@example.com,25-11-2022,Chennai
214,Casey White,15-08-1971,phillipszachary@example.net,12-03-2023,Pune
215,Ann Gonzalez,06-06-1983,jessica93@example.net,18-08-2023,Mumbai
216,Bobby Rodriguez,26-05-1963,milesdavid@example.net,01-01-2023,Kerala
217,Angela Guerra,12-03-1945,tannerjohnny@example.net,25-11-2023,Hyderabad
218,Mary Davenport,18-11-1965,jack88@example.com,12-01-2024,Kerala
219,Keith Wilson,30-06-2005,ssummers@example.com,02-08-2022,Kerala
220,Melissa Walters,06-12-1993,tylercollins@example.net,12-07-2022,srinagar
221,Dylan Smith,24-06-1945,dylan53@example.net,21-12-2022,Banglore
222,Kelly Walton,09-07-1934,joneszachary@example.org,15-02-2023,Kolkata
223,Michael Morales,20-05-1980,qromero@example.com,09-02-2023,Kerala
224,Michael Murphy,02-03-1959,gwade@example.net,12-06-2022,Chennai
225,Allison Miller,13-10-1937,richardsoneric@example.net,10-11-2023,Bhubaneswar
226,Christopher Sanders,02-03-1946,carloskelley@example.net,26-05-2022,Banglore
227,Sharon Reese,02-01-1934,cruzsean@example.org,24-02-2023,Bhubaneswar
228,Dawn Cervantes,23-01-1962,warrenchristopher@example.org,04-07-2022,srinagar
229,Ashley Jordan,17-07-1999,ybeck@example.org,13-04-2024,Pune
230,Melissa Singleton,20-03-1940,thompsonkaitlin@example.net,16-03-2023,Pune
231,Sara Herrera,27-10-1950,leslie20@example.org,05-03-2023,Chennai
232,Rebecca Young,11-04-1970,pgilbert@example.com,10-07-2022,Banglore
233,Richard Gibson,09-06-2000,luke79@example.org,11-10-2022,Pune
234,Nancy Smith,04-09-1997,jenniferwarren@example.com,19-05-2023,Pune
235,Elizabeth Oliver,11-08-1964,ahays@example.com,23-02-2024,Bhubaneswar
236,Hannah Stephens,07-08-1952,brooke46@example.net,16-10-2023,Banglore
237,Kimberly May,03-11-2005,ujohnson@example.com,02-05-2024,Kerala
238,Brianna Gilbert,14-07-1997,gmolina@example.com,30-08-2023,Bhubaneswar
239,Brenda Pierce,30-08-1952,austinobrien@example.org,12-02-2024,srinagar
240,Patty Torres,22-03-1950,yhouston@example.com,20-04-2024,Hyderabad
241,Julie Sanchez,16-12-1992,manncharlotte@example.net,02-04-2023,Banglore
242,Jenny Hess,25-07-1940,heatherwilliams@example.net,12-06-2022,Chennai
243,Mary Wilson,26-02-1951,angela56@example.net,08-02-2024,Pune
244,Angela Delacruz,31-07-1935,ukennedy@example.net,29-02-2024,Bhubaneswar
245,Melissa Garcia,14-12-1986,fsalazar@example.org,04-03-2024,Chennai
246,Brandon Santos,25-08-2001,justinhaas@example.com,29-09-2022,Delhi
247,Michael Williams,24-10-1983,jason02@example.org,12-02-2023,Mumbai
248,Bryan Navarro MD,16-04-1940,kristen31@example.com,28-01-2024,Hyderabad
249,Danny Lane,24-09-1959,brittanyolson@example.com,29-04-2023,Delhi
250,Kurt Martinez,05-04-1991,michellecosta@example.com,09-03-2024,Telengana
251,Jamie Roberts,02-02-1989,smithralph@example.com,29-01-2024,srinagar
252,Angela Hawkins,07-02-1961,stonemelissa@example.org,09-09-2022,Kolkata
253,Haley Booker,25-04-1942,zforbes@example.net,21-09-2022,srinagar
254,Victor Mora,21-10-1992,hallpatricia@example.net,19-01-2024,Kolkata
255,Alejandro Salazar,02-03-2005,michaelschwartz@example.org,25-08-2022,Beijing
256,Bianca Cervantes,16-11-1971,woodsjamie@example.com,24-09-2022,Hyderabad
257,Jennifer Campbell PhD,20-06-1937,bergbenjamin@example.org,23-07-2022,Bhubaneswar
258,Jacob Warren,12-12-1944,david80@example.com,07-01-2023,Delhi
259,Ashley Bryan,02-02-1984,sanderssamantha@example.net,13-06-2023,Bhubaneswar
260,Adriana Hammond,12-07-1951,cruzjoseph@example.net,15-08-2022,Hyderabad
261,Crystal Raymond,29-05-1957,lancepeterson@example.net,07-10-2023,Pune
262,Barbara Wolfe,31-05-1974,ramireztheresa@example.net,24-02-2023,Telengana
263,Vanessa Smith,24-11-1991,afreeman@example.net,14-09-2022,Beijing
264,Jamie Sanders,19-11-1958,erica55@example.com,29-07-2023,Telengana
265,Zachary Martinez,23-09-2004,lynn94@example.com,24-02-2023,Telengana
266,Kimberly Barnett,21-08-2004,teresa37@example.com,15-05-2024,Chennai
267,Pamela Garcia,08-08-1968,qmaddox@example.com,24-05-2023,Delhi
268,Joseph Stevens,09-12-1955,courtney10@example.com,24-05-2022,Delhi
269,Kerry Barry,06-06-2004,osellers@example.org,09-11-2023,Pune
270,Anthony Butler,27-09-1944,brian34@example.net,05-01-2024,Banglore
271,Sean Middleton,18-05-1980,uflores@example.org,23-11-2022,Mumbai
272,Linda Sparks,19-10-1957,cory73@example.net,30-09-2022,Kolkata
273,Nicole Williams,15-12-1968,blackyolanda@example.com,12-01-2024,srinagar
274,Patrick Montgomery,15-04-1940,jose73@example.net,23-02-2024,Beijing
275,Sarah Owens,15-01-1958,sara12@example.org,01-01-2023,Banglore
276,Charles Moore,11-07-1949,bhansen@example.com,20-05-2023,Bhubaneswar
277,Shelia Bush,29-11-1987,gutierrezkeith@example.com,07-08-2023,Beijing
278,Shane Joyce,10-10-1995,michael57@example.com,01-08-2022,Chennai
279,Crystal Cox,14-08-1958,wilsonelizabeth@example.org,21-11-2022,Telengana
280,Douglas Baker,20-11-1939,leephilip@example.net,25-10-2022,Hyderabad
281,Katherine Robinson,04-02-1950,houstonchristopher@example.org,19-08-2023,Kerala
282,Joseph Peters,06-08-1989,gmcconnell@example.com,23-12-2023,Mumbai
283,Christine Carter,02-01-1989,christensenjay@example.org,29-08-2023,Telengana
284,David Jensen,14-02-1955,samuel49@example.org,08-01-2023,Banglore
285,Mrs. Angelica Abbott,04-06-1958,patricksandoval@example.com,16-12-2022,srinagar
286,Brianna Davis,28-10-1949,kthomas@example.org,25-03-2023,Kolkata
287,Mark Mack,22-02-1963,watersjohn@example.org,23-10-2023,Beijing
288,Lauren Hunt,15-08-1978,kara21@example.com,06-09-2023,srinagar
289,Matthew Rodriguez,27-07-1957,ecox@example.org,27-11-2022,Beijing
290,Evan Howard,30-12-1971,asmith@example.com,31-07-2023,Bhubaneswar
291,Bradley Williams,13-11-1942,cgonzales@example.net,20-02-2024,Kolkata
292,Leah Fox,16-06-1947,pdavis@example.org,19-02-2024,Bhubaneswar
293,Michael Flynn,17-11-1951,morgan91@example.com,31-08-2023,Hyderabad
294,Stephanie Hines,08-11-1970,adawson@example.com,09-06-2022,Chennai
295,Christina Johnson,03-02-1992,robert88@example.net,23-02-2023,Pune
296,Mrs. Samantha Butler MD,19-12-1969,gary18@example.org,12-05-2024,Hyderabad
297,Tara Rogers,10-02-1957,andersonrobert@example.net,13-02-2023,Banglore
298,Amanda Watson,01-01-1952,hawkinswilliam@example.org,13-08-2023,srinagar
299,William Fleming,16-07-1998,duane31@example.org,14-01-2023,Pune
300,Willie Avila,15-05-1993,rsmith@example.net,08-10-2023,srinagar
301,Donald Torres,14-09-1997,sramos@example.net,04-06-2022,Kolkata
302,Richard Snyder,03-03-1998,thompsonjoshua@example.com,16-09-2022,Mumbai
303,Brian Rice,01-07-1982,shawn54@example.net,07-09-2022,Kolkata
304,Barry Smith,21-04-1994,jonathan24@example.net,08-12-2022,srinagar
305,Ethan Reyes,26-03-1939,danielhodges@example.com,22-03-2024,Pune
306,Thomas Deleon MD,21-08-1943,kylenewman@example.com,15-07-2023,Banglore
307,Christopher Castro,02-01-1956,charles94@example.org,16-03-2023,Delhi
308,Troy Williams II,26-12-1961,kellison@example.org,02-10-2023,srinagar
309,Leah Mullins,22-03-1934,morgansherri@example.org,25-04-2023,Beijing
310,Kristina Hall,16-05-1988,abbottterri@example.net,15-08-2023,Chennai
311,Andrew Jones,24-04-1951,lsmith@example.org,21-11-2023,srinagar
312,Edward Lindsey,30-11-1959,hallshannon@example.net,01-04-2023,Kerala
313,Jenna Medina,02-04-1969,coledaniel@example.net,15-06-2023,Kerala
314,Veronica Brown,20-04-1980,obarajas@example.org,19-12-2022,Chennai
315,Kenneth Patrick,20-10-1990,veronicalopez@example.org,26-06-2023,Delhi
316,Bailey Glass,07-06-1996,jonathanmorgan@example.com,31-03-2024,Banglore
317,Julia Arellano,29-02-1984,hunter11@example.com,15-03-2024,Kolkata
318,Julie Jones,21-12-1947,stevenmurphy@example.net,17-04-2024,Delhi
319,Megan Wong,21-05-1978,ecurtis@example.org,21-05-2023,Mumbai
320,David Walker,18-11-1968,strongedward@example.com,27-08-2023,Beijing
321,Joseph Cook,23-03-1935,jeremy83@example.org,28-08-2023,Banglore
322,Julie Hall,29-04-1957,murphyshannon@example.net,19-02-2024,srinagar
323,Crystal Marshall,26-09-1950,zyoung@example.org,20-07-2022,Chennai
324,Jared Williams,14-05-2001,jessicalane@example.org,16-04-2023,srinagar
325,Philip Gardner,01-02-1969,laramary@example.com,11-04-2023,Delhi
326,Lisa Wong,10-11-1955,joshuanguyen@example.net,30-05-2022,Beijing
327,Alexandra Gross,29-05-1961,wthompson@example.net,23-03-2024,srinagar
328,Grace Allen,03-04-2002,aaronsmith@example.net,23-01-2024,Kolkata
329,Miguel Black,25-12-2000,lharris@example.com,22-11-2022,Telengana
330,Rita Smith,04-10-1979,umartin@example.org,08-05-2023,Banglore
331,Robert Herrera,03-01-1983,landerson@example.net,07-10-2023,Pune
332,Kathy Gregory,04-01-1952,alan09@example.com,25-06-2022,Hyderabad
333,Brittany Torres,03-10-1995,danieljohnson@example.net,28-02-2023,Kolkata
334,Jonathan Alvarez,23-11-1940,wmaxwell@example.com,20-01-2024,Mumbai
335,Brian Parks,26-01-1992,lisa16@example.net,03-05-2023,Chennai
336,Dylan Leon,06-08-1964,cameronsutton@example.org,06-03-2023,Delhi
337,Sierra Williams,16-07-1971,lauramcfarland@example.net,11-08-2022,Bhubaneswar
338,Aaron Myers,31-10-1998,steven23@example.org,29-09-2022,Telengana
339,Crystal Chan,24-12-1954,mark22@example.org,14-03-2024,Kolkata
340,Miguel Becker,18-11-2000,geraldsanders@example.net,14-05-2024,Delhi
341,Abigail Mahoney,10-07-1980,curtisjoshua@example.net,05-07-2023,Bhubaneswar
342,Kathryn Smith,01-01-1941,john26@example.com,12-02-2023,Chennai
343,Kayla Ponce,09-10-1945,mossrandall@example.net,18-01-2024,Kerala
344,Mr. Hector Harris,29-06-1950,vchristensen@example.com,21-07-2022,Pune
345,Angela Hebert,07-01-1975,jacqueline79@example.org,30-04-2024,Telengana
346,Jennifer Clayton,03-03-1997,paul00@example.net,23-08-2022,srinagar
347,Anna Massey,25-12-1994,tammyallen@example.com,16-08-2022,Hyderabad
348,Rebecca Campbell,06-04-1990,cbullock@example.com,20-04-2023,Telengana
349,Jamie Robinson,20-07-1952,debraperez@example.net,24-05-2022,Kerala
350,Tony Baldwin,17-05-1992,andreamartinez@example.com,18-11-2022,Beijing
351,Jeremy Chambers,18-06-1996,fwalker@example.net,04-10-2023,Kerala
352,Justin Lopez,15-10-1968,michael01@example.net,23-03-2024,Pune
353,Darlene Burns,14-03-1999,taylorbradley@example.net,20-12-2023,Beijing
354,Kimberly Thompson,13-08-1987,petersonkrista@example.org,29-06-2023,Kolkata
355,Rebecca Hamilton,26-11-1940,jenniferpadilla@example.org,12-06-2023,Hyderabad
356,Matthew Hunter,01-09-1938,privera@example.net,31-01-2024,Hyderabad
357,Claudia Douglas,08-04-1946,steve63@example.org,20-07-2023,Banglore
358,Kevin Bowman,28-04-1955,laura74@example.net,05-01-2023,Kolkata
359,Nicholas Clarke,24-02-1951,qmartin@example.com,26-06-2023,Kerala
360,Joseph Grant,16-07-1996,wnorman@example.org,15-10-2022,Beijing
361,Tammy Warren,30-11-1963,heatherallen@example.com,25-04-2024,Beijing
362,Ronald Wilson,11-07-1933,randall25@example.com,16-12-2022,Banglore
363,Mitchell Newman,17-06-1941,bradshawnathan@example.net,23-09-2023,Delhi
364,Jennifer Acosta,08-07-1999,lisa07@example.com,20-02-2023,Hyderabad
365,Crystal Robinson,28-05-1982,grahamnorma@example.net,19-12-2023,Pune
366,Hailey Williams,09-04-1990,erictaylor@example.net,20-01-2024,Pune
367,Brenda Morton,30-11-2002,baileyalyssa@example.org,15-10-2023,Delhi
368,Melissa Petersen,29-09-1962,jessica80@example.net,31-07-2022,Delhi
369,Dawn Garner,05-02-1940,virginiafisher@example.org,20-06-2023,Telengana
370,Kimberly Donaldson,15-02-1973,jamessantos@example.com,06-07-2023,Telengana
371,Leslie Palmer,03-03-1953,kirwin@example.com,01-11-2023,Banglore
372,Frank Warren,05-06-1993,rarcher@example.org,16-01-2024,Telengana
373,Lauren Black,14-06-1985,pstrong@example.com,06-01-2023,Bhubaneswar
374,Leon Cruz,25-06-1957,youngedward@example.net,14-04-2023,Beijing
375,Andrew Ross,26-01-1934,carrie02@example.org,23-10-2022,srinagar
376,Sean Klein,21-11-1945,brandon60@example.org,19-04-2024,Beijing
377,Dale Burns,06-03-2000,hclark@example.com,07-12-2022,srinagar
378,Kevin Davis,19-07-1998,harrisbrian@example.org,13-04-2023,Bhubaneswar
379,Crystal Hale,24-05-1980,coxmarco@example.net,26-10-2022,Hyderabad
380,Willie White,24-08-1969,kleinpatrick@example.org,03-05-2023,Kolkata
381,Matthew Lewis,03-02-1974,jessicacarlson@example.com,07-11-2022,Kerala
382,Christina Goodman,25-09-1990,andersonjillian@example.org,13-11-2023,Telengana
383,Brian Grant,23-11-2005,jesuswilkins@example.net,18-02-2023,Hyderabad
384,Joshua Kim,20-01-1937,angela92@example.org,26-10-2023,srinagar
385,Mr. Daniel Stewart,11-09-1995,hbryan@example.com,03-08-2023,Delhi
386,Lori Grant,16-02-1964,smithamber@example.net,25-10-2022,Kerala
387,Luis Lee,13-06-1950,frankortiz@example.com,30-11-2022,Bhubaneswar
388,Elizabeth Conner,11-03-2005,morenojulie@example.net,08-06-2022,Telengana
389,Kevin Miller,07-11-2000,aaronsmith@example.org,01-06-2023,Kerala
390,Dawn Welch,14-07-1951,diana39@example.net,26-08-2022,srinagar
391,Nathan Bush,15-01-1994,garygarcia@example.org,23-09-2023,Kolkata
392,Douglas Carter,13-03-1961,carla67@example.net,15-06-2022,Kerala
393,Michael Shea,23-03-1999,williamflores@example.org,23-07-2023,Banglore
394,Robert Sutton,18-05-1989,theresajohnson@example.org,26-05-2022,Beijing
395,John Davis,08-07-1966,mullinsashley@example.com,05-02-2024,Bhubaneswar
396,Stephen Austin,12-07-1969,jasondaniel@example.org,06-11-2022,Bhubaneswar
397,Todd Garrett,22-01-1967,ediaz@example.com,19-10-2022,srinagar
398,Vincent Morris,08-09-1943,charles00@example.com,22-10-2022,Banglore
399,Antonio Fitzgerald,12-01-1962,harttroy@example.net,11-04-2023,Pune
400,Roger Moyer,08-10-1969,brownlisa@example.com,07-04-2024,Chennai
401,Amanda Reid,27-03-1966,john61@example.com,19-03-2024,Kolkata
402,Daniel Velasquez,09-09-1940,nelsonjustin@example.org,21-09-2023,Kolkata
403,Jessica White,16-03-1998,campbellerica@example.net,08-10-2023,Mumbai
404,Brandon Garner,17-01-1995,avilarichard@example.com,26-06-2022,Beijing
405,Melanie Clarke,01-01-1970,fsmith@example.org,03-04-2024,Banglore
406,Mitchell Hernandez,01-03-1938,vwilson@example.net,09-10-2022,Pune
407,Cynthia Hernandez,17-09-2003,john00@example.com,27-05-2023,Pune
408,Anna Hernandez,30-12-1961,robert96@example.net,14-05-2024,Telengana
409,Christina Hunter,13-01-1990,donnabrown@example.com,20-11-2022,Delhi
410,Dr. Christopher Harris,16-05-1947,ujohnson@example.net,08-02-2023,Mumbai
411,Pamela Casey,14-07-1991,brenda82@example.net,30-08-2022,Beijing
412,Alexandra Miller,16-04-1979,pittscheryl@example.com,29-07-2022,srinagar
413,April Chandler,07-04-1946,ureilly@example.net,27-01-2023,Kerala
414,Nicole Harris,07-03-1963,zedwards@example.com,05-06-2023,Kolkata
415,Cory Steele,26-08-1959,katherinemiles@example.com,14-01-2024,Banglore
416,Michael Copeland,11-07-1945,shawjulie@example.org,04-09-2023,Hyderabad
417,Heidi Ramirez PhD,24-11-1961,gromero@example.org,24-10-2022,Pune
418,James Jones,16-09-1936,jennifer24@example.com,23-02-2023,Mumbai
419,Jason Harrison,06-11-1979,iknight@example.org,22-10-2023,Bhubaneswar
420,Sandra Reeves,20-09-1949,richard60@example.com,04-12-2022,Chennai
421,Nicholas Green,06-08-1994,lorihill@example.org,10-09-2022,Telengana
422,Morgan Johnson,10-04-1981,ballardandrew@example.com,19-09-2023,Beijing
423,Joseph Robinson,31-08-1975,bball@example.net,23-04-2024,Telengana
424,Lorraine Maxwell,02-05-1939,jennifer89@example.org,17-08-2023,Chennai
425,Matthew Camacho,18-03-1965,bdunn@example.com,23-01-2024,Beijing
426,Kathryn Wilson,02-04-1987,alexis42@example.org,02-08-2022,Beijing
427,Molly Turner,24-06-1982,james20@example.com,03-04-2024,Chennai
428,Randy Nguyen,02-06-1998,buchananjaclyn@example.net,03-11-2022,Chennai
429,Amanda Beasley,18-12-1986,wleonard@example.com,21-06-2022,Hyderabad
430,Laurie Huang,09-03-1970,ucook@example.org,26-08-2023,Telengana
431,James Miller,10-06-1944,stacy25@example.org,30-06-2022,Mumbai
432,Justin Fischer,25-08-1968,johnsoncory@example.com,10-02-2024,srinagar
433,Julie Hamilton,09-10-1996,williamtownsend@example.org,27-04-2024,Bhubaneswar
434,Robert Smith,15-12-2001,paynecarlos@example.com,02-06-2023,srinagar
435,Howard Taylor,16-02-1978,xrodriguez@example.com,09-09-2022,Pune
436,Deanna Woods,03-01-1959,sextongeorge@example.org,17-09-2023,srinagar
437,Tina Romero,03-10-1968,kristin86@example.net,03-06-2022,Banglore
438,Allison Nguyen,08-05-1952,shawnochoa@example.com,17-08-2022,Chennai
439,Christina Kim,03-04-1956,cooperdebbie@example.net,30-11-2022,Hyderabad
440,Carol Fisher,21-05-1936,vmurray@example.com,10-11-2022,Hyderabad
441,Jason Hernandez,06-11-1962,kathrynsmith@example.org,01-08-2022,Chennai
442,Derek Shepherd,02-05-1939,kingjames@example.net,02-09-2022,Bhubaneswar
443,Joel Dunn,17-12-1951,barbara00@example.net,16-02-2024,Mumbai
444,Austin Dennis,10-02-1997,amandaanderson@example.net,04-11-2023,Kolkata
445,Jillian Lane,20-12-1978,ajarvis@example.com,25-05-2023,Kerala
446,James Anderson,24-04-2004,stevehicks@example.com,07-08-2023,Telengana
447,Daniel Combs,06-03-1992,alan43@example.net,25-01-2024,Beijing
448,Devin Jackson,18-09-1972,mooremary@example.net,25-08-2022,Kolkata
449,Christopher Schultz,11-10-1996,kevans@example.net,07-06-2022,Banglore
450,Brent Martin,20-01-1972,gfarley@example.net,23-12-2022,Hyderabad
451,Dana Bowen,26-01-1959,brian64@example.com,04-06-2022,Banglore
452,Jared Williams,18-12-2005,sean43@example.net,28-01-2023,Delhi
453,Patricia Harrison,22-07-1985,robinsonalexis@example.org,11-10-2022,Chennai
454,Kristina West,15-10-1990,morenogary@example.net,18-07-2023,Hyderabad
455,Christine Mills,04-09-1939,richardrodriguez@example.com,30-04-2024,Mumbai
456,Christopher Barton,05-06-1971,matthewsbilly@example.net,27-07-2022,Chennai
457,Mark Brown,02-02-2005,wlopez@example.net,01-07-2023,Kerala
458,Jennifer Santiago,31-05-1993,kelseyhall@example.org,16-04-2024,Pune
459,Crystal Jones,18-03-1967,hgarner@example.net,15-09-2022,Mumbai
460,Karen Moore,24-04-1936,htownsend@example.com,10-10-2023,Telengana
461,Dennis Galvan,26-05-1968,henry15@example.org,08-02-2023,Bhubaneswar
462,Kristopher Henderson,02-01-1997,atkinsdeborah@example.org,03-04-2024,Hyderabad
463,Brett Rogers,08-09-1972,xkelly@example.org,02-06-2022,Chennai
464,Adam Walker,02-07-1949,suttonmatthew@example.org,15-09-2022,Chennai
465,Mark Thompson,05-10-1979,craigbrown@example.org,15-12-2022,Bhubaneswar
466,David Butler,11-09-1937,haileygordon@example.com,07-11-2022,Telengana
467,Denise Williams,09-05-1970,clarkeangela@example.org,09-01-2024,Mumbai
468,Melissa Hardy,16-09-1978,george28@example.com,26-06-2023,srinagar
469,Mark Murillo,08-06-1964,arthurtaylor@example.org,22-11-2022,Kolkata
470,Andrew Ruiz,17-09-1955,morrowsusan@example.com,22-09-2023,Banglore
471,Tanya Rodriguez,01-09-1987,richard37@example.net,02-06-2022,srinagar
472,Gregory Ewing,24-11-1950,kelly16@example.net,19-12-2022,Pune
473,Jacob Powell,21-05-1952,tammyglass@example.com,05-04-2023,Kerala
474,Jon Molina,01-03-1949,christine67@example.com,18-11-2023,Chennai
475,Joel Navarro,09-11-1933,williamsonkelly@example.org,13-12-2022,Hyderabad
476,Ronald Martinez,11-02-1986,trujilloalan@example.org,25-12-2022,Hyderabad
477,Joseph Kane,20-06-1957,vmueller@example.net,23-08-2022,Banglore
478,Luis Simmons,15-11-1941,shall@example.com,27-03-2024,Kerala
479,Andrew Mckenzie,05-03-1971,mmartin@example.org,06-09-2023,Kolkata
480,David Mitchell,08-04-2005,ktucker@example.net,17-12-2022,srinagar
481,Bonnie Mcconnell,01-10-1999,ewright@example.com,31-10-2022,Chennai
482,Sheila Mcknight,28-11-1946,wyang@example.com,25-10-2022,Delhi
483,Mary Briggs,02-01-1944,lthompson@example.net,23-04-2023,Delhi
484,Adam Lawson,22-08-1982,jsalinas@example.com,30-12-2022,Chennai
485,Patrick Peters,11-12-1951,linda11@example.net,24-04-2024,Delhi
486,Steven Robinson,31-03-1994,daniel22@example.net,12-06-2023,Banglore
487,David Hayes,08-05-1996,nicolemendoza@example.org,17-08-2023,Telengana
488,Janet Wheeler,08-11-1951,richardsontimothy@example.com,20-05-2023,Kerala
489,Alicia Hall,10-05-1995,urice@example.org,06-02-2024,Banglore
490,Michael Waters,08-12-1985,zreynolds@example.org,13-05-2024,Chennai
491,Carl Lee,24-09-1960,elizabethbishop@example.com,11-03-2024,Beijing
492,Jason Alexander,04-08-1992,mcisneros@example.com,09-03-2023,Telengana
493,Erica Ross,13-10-1951,kcraig@example.org,06-07-2023,srinagar
494,Anthony Martin,10-06-2004,katelyn99@example.net,20-10-2023,Bhubaneswar
495,Samuel Beck,12-10-1941,hendersongina@example.com,05-05-2024,Mumbai
496,Stacey Reynolds,06-02-1952,yharvey@example.com,06-02-2023,Beijing
497,Taylor Kennedy,18-06-2001,wilsonbrooke@example.com,06-10-2022,Hyderabad
498,Sara Chen,07-07-1950,cassidy98@example.org,06-04-2024,Pune
499,Caleb Crane,13-09-1937,rachelsilva@example.org,16-03-2023,Pune
500,Hannah Rodgers,07-10-2003,jordansullivan@example.net,03-11-2022,Beijing
501,Dorothy Lewis,03-11-1964,jacob32@example.net,25-01-2023,Hyderabad
502,Michael Garcia,30-10-1968,paulrobinson@example.net,23-01-2023,Kerala
503,Stephanie Nelson,06-06-1986,joycephillips@example.net,21-07-2022,Pune
504,Kimberly Clark,10-07-1965,kimberly07@example.com,03-07-2023,Mumbai
505,Gabriel Harris,19-10-1975,pnunez@example.net,20-06-2022,Beijing
506,Raymond Brooks,25-08-2001,eherman@example.net,20-09-2022,Telengana
507,Kevin Hamilton,27-07-1941,keithmejia@example.net,09-01-2024,Pune
508,Lawrence Walsh,28-04-1996,lauramiles@example.com,07-02-2023,Mumbai
509,Kristin Roach,22-08-1936,jtodd@example.net,21-04-2024,Kerala
510,Jaclyn Greene,21-12-1939,jessica77@example.com,23-04-2023,Delhi
511,Jessica Allen,19-10-1977,kylelee@example.net,17-09-2023,srinagar
512,Michael Scott MD,04-07-1964,kennedyjeffrey@example.org,14-03-2024,Telengana
513,Miranda Hernandez,16-07-1979,brandonanderson@example.com,27-08-2022,Beijing
514,Jesse Kim,16-10-1957,colinjones@example.net,08-02-2023,Pune
515,Summer Williamson,04-11-1954,kristin07@example.org,31-05-2023,srinagar
516,Nicole Clark,24-02-1998,ypark@example.net,10-06-2023,Delhi
517,Yvette Cobb,23-04-1940,dmunoz@example.net,01-10-2022,srinagar
518,Jessica Reid,15-06-1975,rmccullough@example.org,29-09-2022,Pune
519,John Wilkins,25-11-1959,rnguyen@example.org,23-08-2023,Mumbai
520,Theresa Jones,11-07-1977,elarsen@example.org,28-02-2024,Bhubaneswar
521,Catherine Wilkinson,03-11-1981,scain@example.org,16-03-2024,Delhi
522,David Chandler,04-07-1967,mark40@example.org,26-06-2023,Chennai
523,Tamara Patterson,21-11-1982,erincarter@example.org,22-02-2023,srinagar
524,Amber Taylor,01-08-1988,fhawkins@example.com,30-08-2022,Kolkata
525,Dustin Gallegos,04-10-1959,pattoneric@example.com,17-05-2024,Kerala
526,Ashley Brown,30-03-1941,bobbymartin@example.com,12-10-2023,Kerala
527,Michael Daugherty,31-12-1943,mark36@example.com,23-12-2022,srinagar
528,Laura Williams,06-11-1970,iking@example.com,13-04-2024,Bhubaneswar
529,Regina Booth MD,15-02-1976,brittanyadkins@example.com,28-11-2022,srinagar
530,Kathleen Carr,09-08-1961,mcdonaldjaclyn@example.org,03-03-2023,Bhubaneswar
531,Ashley Cruz,25-06-1986,erinpeterson@example.com,02-07-2023,Delhi
532,Randall Reid,25-09-1987,kathleen33@example.com,04-03-2024,Beijing
533,Matthew Washington,17-08-1991,jenniferdavid@example.net,04-11-2022,Kerala
534,Ashley Haley,18-08-1961,gperry@example.net,04-02-2023,Kerala
535,Spencer Rogers,04-01-1987,sherrydavis@example.com,19-06-2023,Chennai
536,Steven Salazar,01-09-1975,anthonycohen@example.net,23-03-2023,srinagar
537,Crystal Davidson,08-08-1985,fwatson@example.com,01-07-2022,Delhi
538,Melinda Sparks,24-11-1952,michellewilson@example.com,01-12-2023,Hyderabad
539,Ashley Davis,25-09-1957,mercedesvargas@example.net,24-05-2022,Chennai
540,Laurie Kelly,24-12-1983,nguyendeborah@example.com,08-09-2023,Telengana
541,Mia Mercer,11-06-1951,christinajohnson@example.com,02-12-2022,Hyderabad
542,Monique Johnson,21-09-1992,christinadavis@example.com,28-06-2022,Chennai
543,Katherine Thomas,15-09-1945,valerie20@example.net,21-06-2022,Kerala
544,Glenn Davis,05-10-1936,pamela90@example.net,08-02-2024,srinagar
545,Mark Boyd,26-06-1961,qfrederick@example.org,08-04-2023,Mumbai
546,April Ponce,24-01-1997,fhernandez@example.net,30-06-2022,Mumbai
547,Joann Martinez,12-09-1935,ldavidson@example.org,15-03-2023,Hyderabad
548,Amber Walker,24-11-1982,jeffersonmarcus@example.org,30-04-2024,Telengana
549,Janice Holmes,20-05-2003,meganweber@example.org,06-09-2023,Mumbai
550,Terry Sweeney,26-01-1991,steven38@example.org,27-07-2022,Kolkata
551,Taylor Bass,01-09-1982,kevans@example.net,07-03-2024,Telengana
552,Jerry Kerr,20-04-1992,michelle28@example.com,26-02-2024,Pune
553,Hector Alvarez,26-07-1934,hansentara@example.org,26-06-2023,Banglore
554,Kimberly Carey,28-11-1981,jacob33@example.net,23-01-2023,Kerala
555,Kathryn Blevins,25-02-1963,harveykenneth@example.org,10-12-2022,Beijing
556,Deanna Allen,18-01-1995,gloria55@example.org,22-07-2023,Mumbai
557,Mark Gonzalez,03-10-1952,aharrison@example.com,16-08-2023,Kolkata
558,Kyle Little,07-06-1970,nterry@example.net,28-07-2022,Pune
559,James Greene,06-10-1992,frenchbianca@example.org,03-04-2024,Bhubaneswar
560,Laura Douglas,17-11-1999,joannehickman@example.com,05-03-2024,Beijing
561,Heather Stevens,03-06-1980,robertscollin@example.com,07-04-2024,Telengana
562,Danielle Wood,13-06-1990,nancyrobinson@example.net,01-10-2023,Kerala
563,Connor Perry,06-03-1955,martinbruce@example.com,04-04-2023,Banglore
564,Dominique Morales,08-04-1987,elizabethfranklin@example.net,20-01-2024,Beijing
565,Mrs. Abigail Graham,23-01-1956,kenneth46@example.com,03-02-2024,srinagar
566,Nicholas Sherman,27-03-2006,jonestrevor@example.com,15-01-2023,Kolkata
567,Cory Norris,12-09-1964,areed@example.com,01-07-2023,Banglore
568,Sean Hernandez,22-06-1983,shannon95@example.org,21-09-2022,Telengana
569,Debbie Bailey,14-05-1936,elong@example.net,16-11-2023,Bhubaneswar
570,Joshua Harris MD,02-12-2002,carlasmith@example.net,12-04-2023,Delhi
571,Jason Walker,18-04-1953,robertpowell@example.net,26-06-2022,Delhi
572,Mary Jones,03-04-1949,qvaughn@example.org,13-05-2024,Banglore
573,Susan Bell,13-08-2002,johnmalone@example.net,14-07-2023,Delhi
574,Susan Torres,29-06-1977,phyllis58@example.com,17-08-2023,Beijing
575,Rebecca Wilson,30-08-1970,dominic29@example.net,27-05-2023,Pune
576,Heather Ramirez,26-10-1962,jcobb@example.com,01-07-2023,Delhi
577,Michael Powell,18-08-1947,tammyhubbard@example.com,04-11-2022,Bhubaneswar
578,Caleb Brown,10-08-1978,breannaward@example.org,29-07-2023,srinagar
579,Dana Malone,01-06-1972,jimmy26@example.net,24-05-2023,Mumbai
580,Tammy Mcfarland,03-10-1983,orrharold@example.org,08-06-2022,Banglore
581,Peter Rice,18-06-1940,kpearson@example.org,24-10-2023,Chennai
582,Hannah Hensley,05-10-1962,hunterdavid@example.com,23-09-2022,Kolkata
583,Jonathan Powell,28-11-1995,steven10@example.net,07-12-2023,Bhubaneswar
584,Destiny Campbell,17-12-1984,ellisjulia@example.org,13-11-2022,Kolkata
585,Timothy Davis,24-06-1987,benjaminjohnson@example.net,26-03-2023,srinagar
586,Victor Curry,06-02-1982,hernandezlaura@example.net,10-01-2023,srinagar
587,Heather Sanford,12-06-2001,paul50@example.com,27-07-2023,Kerala
588,Nichole Smith,16-10-1983,floreskathleen@example.org,10-10-2022,srinagar
589,Melissa Harris,07-06-2004,stanleykathleen@example.com,25-09-2022,Banglore
590,Jorge Bautista,15-04-1991,deborah44@example.net,30-05-2022,Mumbai
591,Edward Ramirez,14-12-1971,natasha90@example.com,30-11-2023,srinagar
592,Brian Price,20-03-1991,rsanchez@example.org,05-06-2022,Mumbai
593,Katherine Joseph,06-07-1968,phillip76@example.net,27-02-2023,Bhubaneswar
594,Tammy Kirk,23-12-1967,blackwelljoshua@example.com,23-07-2023,Kerala
595,Allison Rogers,10-11-1968,mpeterson@example.net,17-09-2023,Chennai
596,Susan Ellis,21-07-1999,tiffany62@example.net,01-08-2022,Kolkata
597,Dawn Mitchell,17-07-1992,khamilton@example.com,02-10-2023,Bhubaneswar
598,Denise Mora,05-08-1949,qrandall@example.org,08-01-2023,Delhi
599,Patrick Le,05-02-2001,xrobinson@example.net,08-10-2022,Banglore
600,Aaron Lee,01-07-1955,mshaffer@example.net,11-12-2023,Hyderabad
601,Matthew Ellis,09-06-1940,dennissheppard@example.com,14-10-2022,Hyderabad
602,David Sanchez,14-02-1953,bcampbell@example.com,12-04-2023,Beijing
603,Ebony Perez,31-01-1936,yjohnson@example.net,26-12-2023,srinagar
604,Ms. Maria Serrano PhD,12-05-1981,baldwinchristopher@example.org,05-09-2022,Pune
605,Andrew Powell,02-02-1942,brandonwade@example.com,30-09-2022,srinagar
606,Anthony Heath,13-03-1983,usingleton@example.org,10-11-2022,Banglore
607,Lauren Howell,13-09-1952,dwhite@example.net,13-02-2023,Kerala
608,Patricia Graham DDS,29-07-1934,madeline82@example.net,28-07-2022,Kolkata
609,Kimberly Hebert,14-08-1957,sheila17@example.org,15-06-2022,Delhi
610,Leah Hill,06-09-1994,hclark@example.org,23-05-2022,Chennai
611,Lauren Barton,11-02-1994,lmorris@example.org,19-04-2023,Mumbai
612,Shelby Sims,16-01-1948,dorothy90@example.com,29-10-2022,Delhi
613,Patrick Riley,11-06-1970,christopher81@example.net,07-02-2023,Mumbai
614,Tina Burch,31-01-1962,jenniferkelly@example.net,29-07-2023,Chennai
615,Christopher Young,12-02-2006,ashleyaguilar@example.net,10-01-2023,Kolkata
616,Michelle Compton,06-09-1956,ramirezpatrick@example.com,12-05-2023,Delhi
617,Kelli Spears,15-11-1954,jacksonmatthew@example.com,27-05-2022,Bhubaneswar
618,Sophia Sullivan,26-02-1990,ramirezjonathan@example.org,27-09-2022,srinagar
619,Natasha Padilla,11-08-1966,schultzjessica@example.net,17-05-2023,Delhi
620,Gina Johnston,03-12-1961,hnunez@example.com,16-03-2023,Mumbai
621,Mary Ford MD,19-10-1936,alvarezjennifer@example.com,09-03-2023,Hyderabad
622,Jared Ramirez,12-05-1949,greenepamela@example.net,08-03-2023,Banglore
623,James Cole,29-09-1981,dennis31@example.com,17-05-2024,Kolkata
624,Michael Williams,28-09-1979,kara77@example.org,07-08-2023,Hyderabad
625,Pamela Mann,07-02-1964,ryanbenitez@example.net,05-03-2024,Bhubaneswar
626,Cameron Kennedy,10-10-1977,stacyhansen@example.net,09-10-2023,Mumbai
627,Rebecca Thompson,04-02-1999,jschwartz@example.org,26-01-2024,Hyderabad
628,Robert Thomas,24-10-1962,orobinson@example.org,25-09-2022,Chennai
629,Kimberly Moreno,25-08-1956,fshah@example.com,11-11-2023,Kerala
630,Jonathan Lloyd,05-05-1938,curtis04@example.net,05-08-2022,Bhubaneswar
631,Bethany Gomez,13-06-1964,whernandez@example.com,10-01-2023,Kerala
632,Douglas Clark,28-10-1995,charlesallen@example.net,27-05-2023,Chennai
633,Virginia Gomez,30-01-1975,christina94@example.net,20-01-2023,Mumbai
634,Jessica Schultz,18-02-1981,hbailey@example.net,12-09-2022,Banglore
635,James Sutton,11-10-1977,emily96@example.com,09-05-2023,Banglore
636,Alexander Holmes,08-07-1989,pmason@example.org,05-03-2024,Hyderabad
637,Noah Shaffer,25-06-1940,nicholaspacheco@example.net,03-09-2023,Banglore
638,Melissa Sweeney,23-02-1988,troy47@example.org,04-08-2022,srinagar
639,Alexander Howell,15-03-1963,cfox@example.com,06-08-2023,Mumbai
640,Evelyn Leach,16-01-1989,cynthia88@example.net,23-09-2022,Telengana
641,Lisa Quinn,31-01-1951,prodriguez@example.org,19-04-2023,Banglore
642,Mr. Steven Murphy,25-03-1961,oroberson@example.com,09-05-2024,Pune
643,Melissa Warren,02-06-1942,oreyes@example.com,25-01-2024,srinagar
644,Jasmine Baker,12-02-1985,rodgersbrittany@example.com,06-02-2024,Chennai
645,Antonio Henry,11-12-1938,rileyjustin@example.com,19-08-2023,Chennai
646,Lisa Rogers,28-01-1959,ujenkins@example.org,25-01-2024,Kerala
647,Jose Espinoza,13-06-1957,josephflores@example.org,08-07-2022,srinagar
648,Allison Hawkins,08-09-1970,perezjames@example.net,12-07-2023,Pune
649,Thomas Hernandez,15-02-1967,samuelphillips@example.com,04-10-2022,Banglore
650,Michelle Phillips,06-06-1973,shawnjames@example.com,14-12-2023,srinagar
651,Dr. Katherine Smith,29-11-1946,jeffrey90@example.net,25-10-2022,Mumbai
652,Jaime Edwards,09-03-1947,taylorshawn@example.net,25-10-2022,Chennai
653,Lindsey Walters,17-02-1945,vanessa92@example.org,12-04-2023,Pune
654,Michael Rogers,30-10-1992,gordonrachel@example.org,07-04-2023,Banglore
655,Amber Holmes,25-11-1975,denisemcmillan@example.net,13-06-2023,Delhi
656,Kelly Pace,03-04-1969,julierodriguez@example.net,24-01-2024,Kerala
657,Blake Hughes,15-07-1953,nmorris@example.org,15-01-2024,Chennai
658,Rhonda Frank,01-05-1950,lthompson@example.net,06-09-2022,Kolkata
659,Teresa Hall,29-10-1976,mmason@example.com,19-01-2024,Hyderabad
660,Charles Holland,11-09-2003,michellekelly@example.com,20-04-2023,Banglore
661,Angel Mckay,27-12-1958,conniebarajas@example.org,20-10-2022,Banglore
662,Michelle Walker,03-08-1987,woodarddaniel@example.org,09-06-2023,Banglore
663,Kristen Howard,28-04-1957,wongterry@example.net,16-04-2023,Banglore
664,Jonathan Carpenter,03-04-1970,donald54@example.org,29-11-2023,Telengana
665,Mrs. Alicia Crane,15-09-1973,peggymeyers@example.com,12-01-2023,Chennai
666,Kelly Clark,16-08-1990,shanehiggins@example.com,14-05-2024,Banglore
667,Kelly Rivera,18-05-1979,michaelreynolds@example.net,24-04-2023,Banglore
668,Richard White,08-02-1991,qhill@example.net,16-01-2024,Pune
669,Tara Wang,01-01-1935,gdavis@example.com,24-03-2023,Chennai
670,Justin Edwards,13-12-1953,henrysara@example.net,17-02-2023,Pune
671,Michael Ingram,12-02-1946,christine96@example.net,22-12-2023,Pune
672,Carlos Richard,18-06-1952,joyhubbard@example.org,18-01-2023,Delhi
673,Ronald Jacobs,17-07-1977,awilliams@example.net,19-07-2022,Bhubaneswar
674,Mrs. Sue Moody MD,13-09-1983,andrewstiffany@example.com,14-03-2024,Delhi
675,Sandra Kim,30-06-1939,galvanronald@example.net,21-05-2022,Banglore
676,Beverly Rodriguez,05-09-1996,qcox@example.net,08-05-2024,Pune
677,Amanda Johnson,14-03-1987,penakyle@example.org,24-03-2024,Mumbai
678,Yolanda Adams,16-12-1975,nicole99@example.net,21-12-2022,Delhi
679,Robert Lawrence,21-04-1993,christopherbaker@example.com,30-07-2022,Pune
680,Kyle Ramos,17-04-1945,ecox@example.net,20-09-2023,Hyderabad
681,Jennifer Goodman,24-06-1992,keithnavarro@example.com,12-12-2023,Pune
682,Cynthia Roach,01-12-1990,lauren40@example.com,09-02-2023,Hyderabad
683,Melissa Lewis,12-02-1961,igarcia@example.org,27-08-2022,Chennai
684,Laura Schmidt,31-07-1983,serranotami@example.com,02-01-2024,Mumbai
685,Peter Hudson,01-05-1952,ymontoya@example.org,15-11-2022,Delhi
686,Richard Bates,01-11-1949,gmorrison@example.net,16-07-2023,Delhi
687,Billy Hill,17-09-1942,gabrieldiaz@example.com,29-11-2023,Hyderabad
688,Stephanie Jensen,07-02-1967,njacobs@example.com,12-01-2024,Chennai
689,James Santana,18-02-1941,robin85@example.net,27-06-2022,Hyderabad
690,Audrey Sullivan,19-11-1969,kdiaz@example.net,04-02-2024,Banglore
691,Lisa Barber,24-07-1992,dicksoncrystal@example.org,05-07-2022,Telengana
692,Samuel Stewart,12-09-1934,rhood@example.net,30-07-2023,Bhubaneswar
693,Kelly Clark,07-07-1941,chungashley@example.net,24-03-2024,Chennai
694,Scott Gamble,11-03-2001,christopher49@example.com,03-09-2022,Hyderabad
695,Jennifer Smith,31-10-1952,wjones@example.com,11-07-2023,Banglore
696,Dylan Robertson,02-10-1969,palmerhenry@example.org,24-12-2022,Kolkata
697,Susan Frazier,29-11-1968,wbailey@example.com,21-07-2022,Chennai
698,Shawn Cole,06-06-1993,barbara85@example.net,07-05-2024,Beijing
699,Cynthia Murphy,04-07-2003,thomas57@example.org,27-12-2023,Chennai
700,Ann Ellis,12-05-1953,adam73@example.net,06-05-2023,Kolkata
701,Angelica Rose,25-12-1982,kingalexa@example.com,13-10-2023,Mumbai
702,Angel Taylor,05-03-1940,richard79@example.net,02-05-2024,Chennai
703,Calvin Johnson,29-06-1978,gomezrandy@example.com,20-05-2023,Chennai
704,Sarah Fox,01-09-1990,shanesanders@example.org,20-01-2024,Chennai
705,Melissa White,04-06-1944,amber92@example.com,31-01-2023,Chennai
706,April Romero,27-01-1989,samuel07@example.org,25-07-2022,Mumbai
707,Ashley Paul,27-06-1961,edward26@example.net,08-02-2024,Mumbai
708,Rodney Morgan,18-07-1963,moralesjessica@example.com,15-09-2023,Beijing
709,Ryan Mendez,16-01-1974,weeksbrian@example.com,24-08-2022,srinagar
710,Monique Simmons,29-10-1965,wilsondebra@example.com,11-04-2024,Delhi
711,Donna Murphy,22-11-1988,christopher87@example.net,11-09-2022,Bhubaneswar
712,Veronica Bell,22-08-1938,mcdonaldrobert@example.net,23-03-2023,Delhi
713,Jennifer Anderson,01-02-1966,raylinda@example.net,29-12-2023,Kerala
714,Heather Miller,30-08-1978,jennifer93@example.com,12-05-2023,Kolkata
715,Kelly Patel MD,19-06-1937,amandawells@example.net,13-05-2023,Beijing
716,Peter Long,28-01-1973,daniel47@example.org,30-06-2022,Delhi
717,Chelsey Mcfarland,27-04-1934,urivera@example.net,01-02-2023,Bhubaneswar
718,Shirley Allen,21-04-1948,hernandezdavid@example.org,11-02-2023,Banglore
719,Kimberly Lee,28-01-1940,shannonmegan@example.com,28-09-2023,Mumbai
720,Richard Savage,15-01-2003,gochoa@example.com,12-03-2024,Pune
721,Jessica Patrick,04-04-1974,marissacampbell@example.com,04-10-2022,Banglore
722,Angela Jones,05-07-1986,kristen96@example.com,25-05-2022,Delhi
723,Jonathan King,25-03-1990,daniellyons@example.org,24-02-2023,Hyderabad
724,Donald Jefferson,19-09-1953,jessicabarajas@example.org,16-01-2024,Bhubaneswar
725,Laura Hicks,21-12-2003,ogarrison@example.com,21-04-2023,Kolkata
726,Heather Williams,13-11-1989,huntertaylor@example.net,08-06-2023,Beijing
727,Debra Eaton,03-10-1989,uweber@example.org,12-01-2024,srinagar
728,Hannah Joseph,13-08-1953,michaelarthur@example.org,25-06-2022,Delhi
729,Erik Beard,17-09-1970,lisaholland@example.org,30-07-2022,Banglore
730,Jamie Dominguez,15-09-1969,michelle07@example.org,29-08-2023,Banglore
731,Tony Allen,31-08-1986,timothykelly@example.org,01-07-2022,Kolkata
732,Christopher Simon,25-10-1996,qcross@example.com,27-08-2023,Beijing
733,Tammy Rodriguez,10-07-1994,alyssa85@example.org,07-10-2022,Hyderabad
734,James Williams,09-07-1982,klinerhonda@example.net,23-01-2023,Kolkata
735,Michelle Frost,04-09-1956,wayne99@example.net,19-06-2022,Hyderabad
736,Alexander Rodriguez,15-10-1997,evelynrusso@example.org,26-09-2023,Beijing
737,Adrian Torres,01-01-1963,awilson@example.org,06-10-2023,Kerala
738,Dr. Mary Ingram DVM,05-05-1984,veverett@example.net,26-02-2024,Banglore
739,Karen Bradford,23-05-1999,paulsmith@example.net,09-12-2023,Mumbai
740,Elaine Collier,07-03-1939,yhuff@example.org,13-12-2023,Banglore
741,Joshua Holder,12-11-1941,gary72@example.org,30-06-2022,Beijing
742,Debra Sullivan DVM,21-05-1991,susanwatts@example.com,04-04-2024,Kerala
743,Kevin Mccarthy,29-04-1966,loriarias@example.org,31-03-2023,srinagar
744,John Murphy,28-03-1961,wangrandy@example.net,14-01-2024,srinagar
745,Kevin Lane,16-05-1953,mcdanielkayla@example.com,09-03-2024,srinagar
746,Nathan Love,23-11-2004,dclark@example.net,25-05-2023,Pune
747,Kimberly Gonzalez,06-07-1972,christinareyes@example.org,17-10-2022,Telengana
748,John Daniel,06-10-1958,bestbrian@example.net,24-03-2023,Banglore
749,Sheila Rodriguez,13-07-2005,saraandersen@example.org,17-06-2023,Delhi
750,Justin Kennedy,16-07-1934,fjones@example.com,06-01-2024,Kolkata
751,Robin Solis,19-10-1950,amber64@example.net,01-11-2023,Kerala
752,Christopher Mcdonald,12-07-1967,brownwilliam@example.net,09-03-2024,Pune
753,Bobby Young,21-07-1972,markmason@example.org,11-06-2023,Banglore
754,Theresa Pena,25-03-1992,tamaralynch@example.org,10-03-2023,Kolkata
755,Lisa Soto MD,10-08-1933,zsantos@example.org,06-11-2023,Hyderabad
756,Kristen Parsons,24-06-1966,toddlee@example.net,13-05-2024,Delhi
757,Nichole Hall,01-01-1986,andrea96@example.org,19-05-2022,Kolkata
758,Laura Lee MD,21-02-1993,marshallcarrie@example.org,24-09-2022,Mumbai
759,Aaron Contreras,07-12-2002,beckerbrandi@example.com,20-04-2024,Kolkata
760,Lisa Cook,27-05-1963,rebecca66@example.com,20-08-2023,Mumbai
761,Kimberly Boyd,10-02-1977,jim87@example.net,31-10-2023,Mumbai
762,Beth Brooks,02-05-1936,laurenfletcher@example.net,19-04-2024,Kerala
763,Timothy Baker,21-07-2003,chasedeborah@example.com,10-05-2023,Beijing
764,Victoria Anderson,24-07-1956,scottthomas@example.net,20-09-2022,Kerala
765,Larry Rogers,05-04-1947,williamssamuel@example.net,16-06-2022,Delhi
766,Christine Collins,02-11-1996,ftorres@example.net,29-09-2022,Pune
767,Jamie Alvarez,15-11-2000,robert59@example.net,28-05-2023,Mumbai
768,Jason Morris,18-12-1964,wallacedavid@example.org,07-10-2023,Kerala
769,Pamela Townsend,15-06-1975,arodriguez@example.com,07-07-2022,Beijing
770,Kellie Trujillo,06-06-1971,ritagraham@example.net,04-11-2023,Chennai
771,Logan Armstrong,09-03-1947,jenniferhayes@example.net,19-09-2022,Kolkata
772,Tara Mata,18-03-1943,hamiltonjames@example.org,12-03-2023,Hyderabad
773,Benjamin Salazar,01-06-1968,qlandry@example.net,31-10-2022,Delhi
774,Joseph Robinson,05-11-1937,jordanjuan@example.org,24-07-2022,Kolkata
775,Marcus Taylor,19-02-1981,brenda38@example.org,15-03-2023,Pune
776,Crystal Murphy,26-07-1973,craig25@example.com,27-01-2023,Pune
777,George Livingston,14-05-1998,thomasjessica@example.com,05-06-2022,Hyderabad
778,Victor Smith,30-10-1960,ljohnston@example.com,07-05-2023,Chennai
779,Jeanette Rogers,18-01-1934,phughes@example.com,26-10-2023,srinagar
780,Nicholas Garcia,04-09-1958,greenjoseph@example.net,17-09-2022,Pune
781,Jillian Robinson,01-01-1982,greenjulie@example.org,12-11-2023,Hyderabad
782,Anthony Nelson,06-04-1977,jonathandaniel@example.com,01-10-2023,Kolkata
783,Cheyenne Day,07-06-1951,bmiller@example.org,25-01-2024,Beijing
784,Sean Howell,24-09-1950,michaelmitchell@example.org,02-08-2023,Hyderabad
785,William Patton IV,30-06-1967,johnsonkristen@example.com,10-11-2023,Banglore
786,Lisa Woods,02-09-1949,jaredmartin@example.com,03-12-2022,Bhubaneswar
787,John Walters,26-12-1976,wesleyevans@example.org,11-04-2023,Hyderabad
788,Brittany Mosley,17-12-1936,wilsonscott@example.net,11-02-2023,srinagar
789,Bradley Alvarez,25-03-1958,dawnmendoza@example.org,15-05-2023,Telengana
790,David Davis,13-04-1963,sullivanamanda@example.com,26-11-2023,Chennai
791,John Wright,08-04-1970,williamsjo@example.com,23-03-2023,Hyderabad
792,William Roth,01-05-1939,xwatkins@example.com,24-04-2023,Mumbai
793,James Vazquez,19-10-1942,richjacob@example.net,29-12-2022,Delhi
794,Kenneth Todd,18-09-1949,jonathan22@example.net,15-08-2022,Telengana
795,Erin Dougherty,25-07-1993,allenjackson@example.net,01-03-2024,Hyderabad
796,Samantha Gonzalez,02-02-1966,loganrodriguez@example.net,24-05-2022,Kerala
797,Ruth Davis,28-12-1947,amanda01@example.com,26-05-2022,Telengana
798,Kevin Davis,13-12-1961,allison31@example.com,21-10-2023,Beijing
799,Marilyn Nunez,02-03-1988,hughesryan@example.net,05-10-2022,Kerala
800,Thomas Cooper,17-10-1982,daykimberly@example.com,12-09-2023,srinagar
801,Michael Conley,05-01-1948,darrellvillarreal@example.com,02-08-2023,Chennai
802,Beverly Rubio,27-10-1992,ucarpenter@example.com,21-06-2022,Beijing
803,Heidi Williams,15-08-1948,ryanwhite@example.com,31-12-2022,Banglore
804,Janet Mcdaniel,17-12-1965,kcross@example.org,27-03-2024,Pune
805,Alison Barry,11-04-1989,zblackburn@example.com,02-04-2023,Pune
806,Alexander Mathews,11-09-1962,kevin78@example.org,13-05-2024,Mumbai
807,Chad Benitez,19-08-1997,michele15@example.org,18-08-2022,Kerala
808,Jacqueline Thompson,09-05-1973,courtneywhitaker@example.com,18-08-2023,Beijing
809,Christy Duarte,23-03-1941,mromero@example.org,26-05-2023,Beijing
810,Krystal Green,16-09-1962,lisawilliams@example.org,22-11-2022,Banglore
811,Barbara Anderson,30-09-2002,wgrimes@example.com,03-12-2022,Banglore
812,Mrs. Miranda Walker,13-10-1936,chavezfelicia@example.com,31-07-2022,Kolkata
813,Matthew Lucero,26-03-1966,sandy09@example.com,10-11-2022,Bhubaneswar
814,Matthew Martinez,16-02-1981,dwright@example.net,23-08-2023,Kerala
815,Courtney Gould,04-11-1933,romerocody@example.com,12-06-2023,Beijing
816,Omar Dunn,16-10-1970,gwilliams@example.com,24-01-2024,Bhubaneswar
817,Amanda Young,26-07-1980,joycerebecca@example.net,13-11-2023,Kerala
818,Monica Jackson,14-07-1972,afox@example.net,16-02-2023,Beijing
819,Matthew Huerta,08-08-1949,randysoto@example.com,15-03-2023,Telengana
820,Debbie Bush,01-10-2002,clarkjessica@example.org,09-06-2022,Kerala
821,Elizabeth Brown,10-12-1947,dking@example.net,27-02-2024,Hyderabad
822,Christopher Abbott,09-12-1933,emerritt@example.org,16-08-2022,Hyderabad
823,Rodney Hardin,24-07-1958,lisaroach@example.net,24-10-2022,Chennai
824,Hannah Goodwin DDS,13-04-2001,dtaylor@example.net,30-04-2024,Mumbai
825,Elizabeth Munoz,15-10-1987,thomashowe@example.com,21-12-2022,Bhubaneswar
826,Darryl Jones,11-03-1997,austinchristina@example.net,02-05-2024,Kolkata
827,Aaron Taylor,16-08-1939,justindiaz@example.com,20-06-2022,Kolkata
828,Leslie Brennan,31-07-1968,atkinsdean@example.com,25-09-2023,Chennai
829,Donna Burch,17-11-1935,robinyu@example.net,26-02-2023,Beijing
830,Sheila Smith,23-06-1948,josephbarrett@example.org,14-08-2023,Kolkata
831,Sarah Sweeney,06-12-1944,kathryn09@example.net,27-05-2023,Banglore
832,Susan Parker,08-12-1992,kramerwilliam@example.org,07-12-2023,Banglore
833,Charles Thompson,13-02-1942,cynthiarussell@example.com,22-04-2023,srinagar
834,Anna Cochran,01-08-1953,matthewcarroll@example.net,21-02-2024,Bhubaneswar
835,Javier Green,07-07-1992,ashley35@example.com,19-01-2024,srinagar
836,Shawn Mcfarland,18-11-1955,kaylasmith@example.net,17-02-2023,Kolkata
837,Mary James,27-02-1953,kwalker@example.org,07-01-2024,Hyderabad
838,Philip Wilson,11-08-1961,kbradley@example.org,20-11-2023,Pune
839,Kristopher King,30-09-1954,fosterjasmine@example.com,14-06-2022,Delhi
840,Gary Hill,08-05-1956,bradsmith@example.org,11-12-2023,Bhubaneswar
841,Peter Howard,05-03-1983,mark97@example.com,12-10-2023,Kerala
842,Kayla Nolan,22-09-1952,robertsgregory@example.org,26-06-2022,Delhi
843,Amanda Lee,28-01-1998,hernandezjoe@example.com,31-03-2024,Delhi
844,Timothy Johnson,16-07-1991,brooksjessica@example.com,08-04-2024,Kerala
845,Kathryn Lam,09-06-1999,diana93@example.org,01-10-2022,Banglore
846,Veronica Webb,01-10-1936,zoepaul@example.org,01-06-2022,Bhubaneswar
847,Richard Avila,02-11-1933,pgarcia@example.com,15-10-2022,Chennai
848,Lindsay Smith,20-03-1952,wcharles@example.org,30-06-2023,srinagar
849,Amber Kerr,28-06-1959,richardsontanya@example.net,20-08-2023,Telengana
850,Dr. Edward Cook MD,30-11-1974,hwoods@example.net,18-09-2023,Telengana
851,Manuel Snyder,14-09-1992,heathkelsey@example.net,22-09-2023,Beijing
852,Harry Bird,04-10-1962,karen11@example.org,31-03-2023,srinagar
853,Andre Clay,17-08-1937,awoodard@example.org,13-12-2023,Beijing
854,Roger Harris,05-12-1939,cwilliams@example.com,12-02-2023,Telengana
855,Richard Turner,25-02-1938,hayley91@example.org,24-07-2022,Kolkata
856,Marcus Torres,01-03-1960,william82@example.org,16-09-2022,srinagar
857,Richard Carter,27-04-1971,kingcorey@example.net,20-02-2023,Chennai
858,James Ramsey,03-06-1973,raymondmcmahon@example.net,12-07-2022,Chennai
859,Troy Cordova,09-03-1939,hansenrobert@example.com,06-02-2024,Kerala
860,William Osborne,25-03-1967,kathryn54@example.com,31-03-2024,Kerala
861,Michael Huerta,08-05-1992,garciajacqueline@example.net,10-04-2023,Delhi
862,David Hall,02-09-1973,vmccullough@example.net,01-03-2024,Mumbai
863,Donald Johnson,21-10-1944,melissaallen@example.net,14-08-2023,Chennai
864,Cheryl Hernandez,13-02-2004,ipatel@example.com,10-04-2023,Kerala
865,Edward Young,16-05-1989,michaelnicholson@example.org,26-03-2023,Delhi
866,Dylan Krueger,27-01-1972,valerie85@example.com,02-11-2023,Kerala
867,Jennifer Logan,15-11-1939,shannon84@example.net,26-01-2024,srinagar
868,Ronald Flores,15-02-1984,jefferyhernandez@example.org,15-03-2023,Bhubaneswar
869,Erica Rios,26-06-1938,tylerlara@example.org,17-07-2022,Kerala
870,James Dennis,10-07-1975,destes@example.net,14-06-2022,Delhi
871,Tyler Scott,19-09-1998,batesheather@example.net,13-04-2023,srinagar
872,Lisa Fleming,22-10-1957,jackerickson@example.org,05-09-2022,Hyderabad
873,John Mccarthy,08-01-1973,alitimothy@example.net,04-06-2022,Kolkata
874,John Bennett,19-07-1948,richardtaylor@example.net,07-12-2023,Kerala
875,Amy Hernandez,26-08-1961,rodriguezstephen@example.com,06-12-2022,Banglore
876,Sarah Powers,17-05-1944,greenerika@example.com,02-03-2023,Chennai
877,Brian Ingram,17-05-1995,wcasey@example.net,14-12-2023,srinagar
878,Bryan Thomas,09-01-1991,leslie46@example.net,21-11-2022,Delhi
879,Gerald Johnson,27-09-1955,azuniga@example.com,26-07-2022,Bhubaneswar
880,Joseph Avila,07-08-1999,muellerrebecca@example.net,22-12-2023,Kerala
881,Isabel Bailey,10-12-1942,adrienne22@example.org,03-03-2023,Kolkata
882,Cynthia Henry,25-10-1977,amy43@example.com,11-08-2022,Mumbai
883,Charles Mills,25-07-1940,saraibarra@example.net,07-04-2023,Delhi
884,Jerry White,16-03-1952,fpayne@example.com,27-03-2023,Telengana
885,Billy Williams,06-12-1962,fcalderon@example.com,02-04-2024,Delhi
886,Christopher Hall,23-07-1971,james18@example.org,18-09-2022,Kerala
887,Mallory Quinn,31-08-1983,troy72@example.net,23-04-2024,Bhubaneswar
888,John Kelley,11-10-1983,murraylisa@example.com,22-02-2023,Hyderabad
889,Jason Jones,14-05-2001,mitchellwilliams@example.com,20-06-2022,Banglore
890,Jeffrey Cantu,11-05-1945,zjordan@example.com,23-03-2024,Banglore
891,Matthew Walker,06-06-1980,sara07@example.org,10-12-2023,Bhubaneswar
892,Lisa Page,23-06-1975,willisanne@example.com,26-09-2022,Hyderabad
893,Joshua Douglas,08-02-1941,ramoscheryl@example.org,29-07-2023,Beijing
894,Anna Carlson,27-10-2003,christopher46@example.org,18-08-2023,Banglore
895,Mary Myers,02-07-1950,hthompson@example.net,10-02-2023,Bhubaneswar
896,Linda Carter,15-08-1949,chaselowe@example.org,23-05-2022,Kerala
897,Dr. Michael Crawford DDS,12-01-1966,marissasalinas@example.com,23-11-2022,Beijing
898,Lucas Walters,15-11-1959,teresaramirez@example.com,23-02-2024,Bhubaneswar
899,Casey Mcintyre,20-01-1940,michelle55@example.net,12-08-2023,Mumbai
900,Victoria Foster,29-12-1974,wjackson@example.com,05-11-2023,Delhi
901,Emily Owens,14-09-1950,brownangela@example.org,11-01-2024,Delhi
902,Brianna Oneill,30-12-1998,davissharon@example.net,05-12-2022,Pune
903,Daniel Kelley,14-03-1975,harold62@example.net,17-05-2023,Telengana
904,Carolyn Harris,15-05-1935,umichael@example.org,27-01-2023,Beijing
905,Gerald Parrish,31-12-1952,gregorysolis@example.net,28-08-2022,Mumbai
906,Robert Brown,30-08-1951,margaret75@example.org,07-01-2023,Mumbai
907,Matthew Curry,05-09-2000,sharon93@example.com,01-12-2022,Chennai
908,Karen Moore,25-11-1976,tray@example.com,28-06-2023,Bhubaneswar
909,Jeff George,30-08-1951,fgrant@example.com,20-07-2023,Hyderabad
910,Leslie Wright,04-09-1997,brendamacdonald@example.net,24-01-2023,Kolkata
911,Joshua English,20-06-1945,katelyn06@example.org,23-09-2023,Beijing
912,Brian Mckee,28-03-1968,pmcclain@example.org,10-04-2023,Beijing
913,Marcus Thomas,06-01-1950,aaronreese@example.com,20-10-2022,Beijing
914,Justin King,30-07-1988,tracygilmore@example.com,19-01-2023,srinagar
915,Kimberly Patel,25-08-1991,alexisbrooks@example.org,16-03-2024,Bhubaneswar
916,Kenneth Kennedy,16-08-1978,jarmstrong@example.org,17-03-2024,srinagar
917,Jared Welch,28-09-2001,norrispaula@example.com,10-01-2023,Kerala
918,Julian Wilson,22-09-1968,johnblack@example.com,29-09-2022,Pune
919,Jennifer Dalton,02-03-1972,joshua96@example.com,08-08-2023,Bhubaneswar
920,Veronica Carr,17-12-1963,cthomas@example.net,31-10-2022,srinagar
921,Seth Gill,02-02-1979,nanderson@example.org,05-10-2022,Mumbai
922,Jessica Tyler,28-05-2005,alison01@example.org,23-02-2024,Pune
923,Dr. Troy Buck MD,03-05-1984,marcus17@example.org,02-06-2022,Kerala
924,Aaron Hoffman DVM,09-07-1972,gordonwilliam@example.org,14-11-2022,Bhubaneswar
925,Deanna Atkins,19-08-1988,raymond86@example.com,13-09-2023,Banglore
926,Brooke Smith,09-11-1936,chelsea74@example.com,02-10-2023,Banglore
927,Nicole Espinoza,18-04-1966,efritz@example.com,04-08-2022,Pune
928,Holly Petersen,19-03-1970,bennettmatthew@example.net,04-11-2022,Hyderabad
929,Brandon Mills,21-05-2001,cherylevans@example.com,27-09-2022,Pune
930,Tammy Ruiz,27-01-2003,qbrown@example.org,15-01-2023,Kerala
931,Mindy Lyons,14-01-1956,lauren46@example.net,10-09-2022,Bhubaneswar
932,Kelly Andrews,27-11-1973,bowmanronald@example.org,29-06-2023,srinagar
933,Connie Jackson,20-11-1935,jason49@example.com,02-08-2022,Beijing
934,Madison Chapman,22-12-1947,martinnicole@example.net,13-02-2023,Chennai
935,Samuel Mueller,23-04-2001,michelledixon@example.com,05-05-2024,Delhi
936,Eric Burns,13-01-1991,johnsonmackenzie@example.com,16-01-2024,Pune
937,Thomas Spears,04-07-1939,coxdevin@example.com,29-05-2022,Banglore
938,Jeffrey Nelson,31-10-2003,smithsarah@example.net,19-02-2024,srinagar
939,Kathryn Evans,15-10-1966,juliequinn@example.net,03-09-2023,srinagar
940,Gail Davis,07-10-1982,kyle91@example.net,14-10-2022,Kerala
941,Sandy Petersen,21-01-1959,vancestephen@example.com,06-08-2022,srinagar
942,Dana Shaw,08-02-1969,kellyfloyd@example.org,18-05-2023,Kerala
943,Andrea Martinez,28-07-1997,kmedina@example.org,13-06-2022,Bhubaneswar
944,Hannah Taylor,29-01-1943,mmejia@example.org,16-02-2023,srinagar
945,Matthew Lopez,01-03-1954,matthew59@example.com,22-04-2023,Banglore
946,James Martin,26-05-1971,gregory71@example.com,01-07-2023,Chennai
947,Brian Scott,11-06-1933,brianna02@example.net,29-01-2024,Delhi
948,Mathew Harrison MD,29-09-1955,matthewmurphy@example.net,12-03-2024,Delhi
949,Kyle Cooper,02-09-1993,antoniojackson@example.org,20-01-2024,Kerala
950,Donald Mendez,22-02-1970,meltonjessica@example.com,13-01-2023,Mumbai
951,Ronald Lamb,06-04-1992,xhernandez@example.com,11-02-2024,Kerala
952,Elizabeth Simmons,08-02-1949,sanderssusan@example.net,28-07-2022,srinagar
953,Joseph Gray,02-07-1979,kellerrobert@example.net,27-04-2024,Telengana
954,Joyce Oconnor,19-08-1970,rebeccagreen@example.org,29-11-2023,Pune
955,Mary Krause,19-01-1935,laura63@example.org,21-05-2023,Bhubaneswar
956,Tony Moore,08-07-1971,collierholly@example.org,27-05-2022,Delhi
957,Nicholas Pham,28-09-1941,kmartinez@example.net,29-06-2023,Mumbai
958,Sylvia Simpson,12-08-1949,fshaw@example.net,22-01-2024,Bhubaneswar
959,Dominic Hamilton,29-09-1984,davidrobertson@example.org,14-03-2024,Kerala
960,Nathan Williams,23-08-1943,williampacheco@example.net,15-05-2024,Kerala
961,Ashley Hartman,11-06-1964,veronicaprince@example.com,07-03-2023,Bhubaneswar
962,Elizabeth Flores,21-08-1990,dflynn@example.org,06-11-2022,Mumbai
963,Daniel Gibbs,12-06-1935,kelly06@example.org,08-09-2023,Telengana
964,Kim Lawrence,07-01-1953,daniel14@example.net,10-08-2022,Pune
965,Bonnie Newman,18-03-2001,alicia39@example.com,06-10-2023,Kolkata
966,Chelsea Durham,04-04-1957,amanda13@example.org,05-06-2023,Beijing
967,Peter Acevedo,17-02-1952,andrewpotts@example.net,05-03-2024,Chennai
968,Zachary Dean,05-12-1999,joshuaporter@example.com,28-12-2022,Hyderabad
969,Lisa Kim,24-06-2000,medinaanna@example.net,29-03-2023,Telengana
970,Dr. Michael Smith,12-09-1979,rebeccaperez@example.org,17-04-2023,Kolkata
971,Nicholas Brown,19-05-1999,perryclinton@example.com,11-06-2022,Delhi
972,Tammy Macdonald,08-10-1976,amyschultz@example.com,24-12-2022,Bhubaneswar
973,Christopher Lara,24-05-1987,sfitzpatrick@example.org,22-02-2023,Telengana
974,Keith Ayala,08-01-1934,erik19@example.org,05-05-2023,Kolkata
975,Tyler Harper,14-08-1995,pwilliams@example.net,10-05-2024,Mumbai
976,Paul Rivera,12-06-1974,joshua43@example.net,25-07-2023,Banglore
977,Jamie Lin,20-08-1973,victorpena@example.com,10-03-2023,Pune
978,Christian Garza,28-06-1983,adam61@example.com,03-05-2024,Banglore
979,Alicia Meyer,15-07-1965,hernandezalan@example.org,28-09-2022,Kolkata
980,Mr. Jeffrey Moore,16-06-1987,whitesavannah@example.net,17-10-2023,srinagar
981,Thomas Weiss,21-01-1955,melissasalazar@example.com,08-11-2023,Kolkata
982,Steve Owens,16-12-1958,christopher35@example.net,06-10-2022,Pune
983,Thomas Schroeder,16-07-1971,michele06@example.net,31-05-2022,Beijing
984,Kyle Graham,18-11-1957,ronald55@example.org,31-03-2023,Banglore
985,Charles Shaw,30-04-1953,roachmichelle@example.net,26-01-2024,Bhubaneswar
986,Kevin Martinez,24-09-1949,schultzkimberly@example.net,27-09-2022,Telengana
987,Luke Wood,02-06-1951,gilmoremercedes@example.com,14-10-2023,Hyderabad
988,Charlene Alvarado,04-11-1980,williamskayla@example.org,10-10-2022,srinagar
989,Heidi Jarvis,11-09-1997,carriepowell@example.net,08-10-2023,Mumbai
990,Christopher Jones,01-09-1986,skim@example.com,04-07-2023,Delhi
991,Jose Bass,01-01-1961,ashley95@example.net,23-02-2023,Pune
992,April Hansen,19-09-1951,ibender@example.com,04-01-2023,Kolkata
993,Andrew Cantu,11-09-1982,patricia54@example.org,15-03-2024,Beijing
994,Tammy Douglas,14-02-1956,christopher74@example.com,20-02-2024,Kerala
995,Renee Oliver,15-01-1974,fmorris@example.net,17-07-2022,Beijing
996,Benjamin Barnes,28-05-1962,colemanwilliam@example.net,16-03-2023,Chennai
997,Rebecca Bishop,20-08-1968,xayala@example.com,02-08-2022,Delhi
998,Glenda Baker,30-01-1989,adamadams@example.org,11-08-2023,Banglore
999,Pamela Douglas,27-10-1942,wiseshannon@example.net,05-12-2022,Banglore
1000,Stephanie Stephens,29-12-1962,brandon98@example.org,16-09-2023,Kolkata
